scope,name,metric,seconds,milliseconds,count,bytes,MiB_per_s
aggregate,all,cdma_fmap_initial_h2bram,0.1002773019999999,100.2773019999999,1088,89378816,850.0256743046406
aggregate,all,cdma_fmap_refill_h2bram,0.07077588699999991,70.77588699999991,720,65800192,886.6289888390954
aggregate,all,cdma_kernel_h2bram,0.07626337700000001,76.263377,1088,18448384,230.69723230325872
aggregate,all,cdma_output_bram2host,0.07138445199999997,71.38445199999997,1088,44781568,598.267970874106
aggregate,all,classifier_linear,0.000105736,0.10573600000000001,1,0,0.0
aggregate,all,classifier_weight_dequant,0.003016329,3.016329,1,0,0.0
aggregate,all,conv_tiling,0.31842255900000016,318.42255900000015,400,0,0.0
aggregate,all,conv_total,25.149267570999992,25149.267570999993,400,0,0.0
aggregate,all,driver_init,16.069735182,16069.735181999999,1,0,0.0
aggregate,all,feature_dequant,0.010408976,10.408976000000001,16,0,0.0
aggregate,all,fire_concat,0.019349874999999992,19.349874999999994,128,0,0.0
aggregate,all,fmap_cma_stage_initial,0.10174081,101.74081,1088,89378816,837.7983352992767
aggregate,all,fmap_cma_stage_refill,0.07583489200000004,75.83489200000004,720,65800192,827.4812750442101
aggregate,all,fmap_initial_service,0.25062029700000016,250.62029700000016,1088,0,0.0
aggregate,all,fmap_pack,0.16031486199999986,160.31486199999986,400,0,0.0
aggregate,all,fmap_refill_service,0.17906995000000003,179.06995000000003,720,0,0.0
aggregate,all,gap,0.009647260999999999,9.647260999999999,16,0,0.0
aggregate,all,input_quantize,0.034726501,34.726501,16,0,0.0
aggregate,all,kernel_cma_stage,0.085346282,85.346282,1088,18448384,206.14547684690004
aggregate,all,maxpool,4.883022292,4883.022292,48,0,0.0
aggregate,all,model_npz_load,0.01869409,18.69409,1,0,0.0
aggregate,all,model_setup_weight_pack,10.823443705,10823.443705000002,1,0,0.0
aggregate,all,output_cma_invalidate_view,0.3044376620000002,304.4376620000002,1088,0,0.0
aggregate,all,output_reconstruct,20.649404174999994,20649.404174999992,1088,0,0.0
aggregate,all,overlay_program,16.04502887,16045.02887,1,0,0.0
aggregate,all,pl_compute_handshake_est,2.6912063550000007,2691.2063550000007,1088,0,0.0
aggregate,all,pl_configure,0.043463945000000004,43.463945,400,0,0.0
aggregate,all,pl_run_wall,2.8702763050000013,2870.2763050000012,1088,0,0.0
aggregate,all,preprocess,0.8980638219999999,898.0638219999998,16,0,0.0
aggregate,all,pynq_buffer_allocate,0.024144519,24.144519,1,0,0.0
aggregate,all,runner_init,10.860335072,10860.335072,1,0,0.0
aggregate,all,softmax,0.000242793,0.24279299999999998,1,0,0.0
aggregate,all,spatial_frame_total,31.045031299999998,31045.0313,16,0,0.0
aggregate,all,static_weight_pack,10.687629807000002,10687.629807000003,25,0,0.0
aggregate,all,tcn_stack,0.000200411,0.200411,1,0,0.0
aggregate,all,tcn_stage1_bn_relu,0.007718732,7.718732,1,0,0.0
aggregate,all,tcn_stage1_conv,0.08941788,89.41788000000001,1,0,0.0
aggregate,all,tcn_stage1_weight_dequant,0.015953573,15.953572999999999,1,0,0.0
aggregate,all,tcn_stage2_bn_relu,0.004654981,4.654981,1,0,0.0
aggregate,all,tcn_stage2_conv,0.030190962,30.190962,1,0,0.0
aggregate,all,tcn_stage2_weight_dequant,0.00713735,7.13735,1,0,0.0
aggregate,all,tcn_total,0.15922458,159.22458,1,0,0.0
aggregate,all,temporal_mean_pool,0.000220922,0.220922,1,0,0.0
aggregate,all,video_open_metadata,0.77425266,774.25266,1,0,0.0
aggregate,all,video_release,0.001651103,1.651103,1,0,0.0
aggregate,all,video_seek_decode,16.436650520999997,16436.650520999996,16,0,0.0
aggregate,all,video_total,48.424584799,48424.584799000004,1,0,0.0
layer,features.0,cdma_fmap_initial_h2bram,0.05577127700000002,55.77127700000002,512,55115776,942.4654199687767
layer,features.0,cdma_fmap_refill_h2bram,0.05482140299999995,54.82140299999995,512,55115776,958.7952355031856
layer,features.0,cdma_kernel_h2bram,0.035009193000000015,35.00919300000002,512,2031616,55.34260672618187
layer,features.0,cdma_output_bram2host,0.028111279999999992,28.111279999999994,512,12845056,435.76813293453745
layer,features.0,conv_tiling,0.04130734500000001,41.30734500000001,16,0,0.0
layer,features.0,conv_total,10.723559818999998,10723.559818999998,16,0,0.0
layer,features.0,fmap_cma_stage_initial,0.055004067000000004,55.004067000000006,512,55115776,955.611155080587
layer,features.0,fmap_cma_stage_refill,0.05421010600000006,54.21010600000006,512,55115776,969.6070323123872
layer,features.0,fmap_initial_service,0.13336936299999996,133.36936299999996,512,0,0.0
layer,features.0,fmap_pack,0.013978558999999998,13.978558999999999,16,0,0.0
layer,features.0,fmap_refill_service,0.13099236600000003,130.99236600000003,512,0,0.0
layer,features.0,kernel_cma_stage,0.032029712999999994,32.029712999999994,512,2031616,60.49070748776301
layer,features.0,output_cma_invalidate_view,0.12974591800000007,129.74591800000007,512,0,0.0
layer,features.0,output_reconstruct,9.836361501000003,9836.361501000003,512,0,0.0
layer,features.0,pl_compute_handshake_est,0.20943752700000004,209.43752700000005,512,0,0.0
layer,features.0,pl_configure,0.0020166059999999998,2.016606,16,0,0.0
layer,features.0,pl_run_wall,0.34042989299999954,340.42989299999954,512,0,0.0
layer,features.0,static_weight_pack,0.093086609,93.086609,1,0,0.0
layer,features.3.squeeze,cdma_fmap_initial_h2bram,0.0016345810000000002,1.6345810000000003,16,1605632,936.7844114179718
layer,features.3.squeeze,cdma_fmap_refill_h2bram,0.0017205789999999996,1.7205789999999996,16,1605632,889.9620418475411
layer,features.3.squeeze,cdma_kernel_h2bram,0.000937388,0.937388,16,139264,141.68359313325965
layer,features.3.squeeze,cdma_output_bram2host,0.0018340770000000001,1.8340770000000002,16,1605632,834.8886115468434
layer,features.3.squeeze,conv_tiling,0.018571157000000005,18.571157000000007,16,0,0.0
layer,features.3.squeeze,conv_total,0.362685312,362.68531199999995,16,0,0.0
layer,features.3.squeeze,fmap_cma_stage_initial,0.0016982559999999996,1.6982559999999995,16,1605632,901.660291499044
layer,features.3.squeeze,fmap_cma_stage_refill,0.002176203,2.1762029999999997,16,1605632,703.6338062212028
layer,features.3.squeeze,fmap_initial_service,0.004066840999999999,4.066840999999999,16,0,0.0
layer,features.3.squeeze,fmap_pack,0.016231528999999998,16.231529,16,0,0.0
layer,features.3.squeeze,fmap_refill_service,0.004991626000000001,4.991626000000001,16,0,0.0
layer,features.3.squeeze,kernel_cma_stage,0.0020875430000000003,2.087543,16,139264,63.62144396546561
layer,features.3.squeeze,output_cma_invalidate_view,0.004972288999999999,4.972288999999999,16,0,0.0
layer,features.3.squeeze,output_reconstruct,0.22365962800000003,223.65962800000003,16,0,0.0
layer,features.3.squeeze,pl_compute_handshake_est,0.076685665,76.685665,16,0,0.0
layer,features.3.squeeze,pl_configure,0.0020142619999999997,2.0142619999999996,16,0,0.0
layer,features.3.squeeze,pl_run_wall,0.081677291,81.677291,16,0,0.0
layer,features.3.squeeze,static_weight_pack,0.063228892,63.228891999999995,1,0,0.0
layer,features.3.expand1x1,cdma_fmap_initial_h2bram,0.0033182410000000004,3.3182410000000004,32,3211264,922.9287444763655
layer,features.3.expand1x1,cdma_kernel_h2bram,0.0021190220000000004,2.119022,32,81920,36.86842326318462
layer,features.3.expand1x1,cdma_output_bram2host,0.0032156300000000006,3.2156300000000004,32,3211264,952.3794715188002
layer,features.3.expand1x1,conv_tiling,0.012192224000000002,12.192224000000001,16,0,0.0
layer,features.3.expand1x1,conv_total,0.9899712480000001,989.9712480000002,16,0,0.0
layer,features.3.expand1x1,fmap_cma_stage_initial,0.003274374,3.274374,32,3211264,935.2932804865907
layer,features.3.expand1x1,fmap_initial_service,0.008067318,8.067318,32,0,0.0
layer,features.3.expand1x1,fmap_pack,0.004687287,4.687287,16,0,0.0
layer,features.3.expand1x1,kernel_cma_stage,0.002339772000000001,2.339772000000001,32,81920,33.39000552190554
layer,features.3.expand1x1,output_cma_invalidate_view,0.009283272000000004,9.283272000000004,32,0,0.0
layer,features.3.expand1x1,output_reconstruct,0.894039573,894.039573,32,0,0.0
layer,features.3.expand1x1,pl_compute_handshake_est,0.042112549000000006,42.11254900000001,32,0,0.0
layer,features.3.expand1x1,pl_configure,0.0017658359999999998,1.7658359999999997,16,0,0.0
layer,features.3.expand1x1,pl_run_wall,0.042112549000000006,42.11254900000001,32,0,0.0
layer,features.3.expand1x1,static_weight_pack,0.064205858,64.205858,1,0,0.0
layer,features.3.expand3x3,cdma_fmap_initial_h2bram,0.003555343,3.5553429999999997,32,3686400,988.8286446624138
layer,features.3.expand3x3,cdma_kernel_h2bram,0.0021599930000000002,2.159993,32,606208,267.6513303515335
layer,features.3.expand3x3,cdma_output_bram2host,0.0033990310000000007,3.399031000000001,32,3211264,900.9920768595518
layer,features.3.expand3x3,conv_tiling,0.013257818000000001,13.257818,16,0,0.0
layer,features.3.expand3x3,conv_total,1.1112233319999998,1111.2233319999998,16,0,0.0
layer,features.3.expand3x3,fmap_cma_stage_initial,0.0034873630000000007,3.4873630000000007,32,3686400,1008.1041176384562
layer,features.3.expand3x3,fmap_initial_service,0.008510832999999999,8.510832999999998,32,0,0.0
layer,features.3.expand3x3,fmap_pack,0.005152609000000001,5.152609000000001,16,0,0.0
layer,features.3.expand3x3,kernel_cma_stage,0.00256256,2.5625600000000004,32,606208,225.60447365134863
layer,features.3.expand3x3,output_cma_invalidate_view,0.009525311000000002,9.525311000000002,32,0,0.0
layer,features.3.expand3x3,output_reconstruct,0.883410945,883.410945,32,0,0.0
layer,features.3.expand3x3,pl_compute_handshake_est,0.170971205,170.971205,32,0,0.0
layer,features.3.expand3x3,pl_configure,0.0017345750000000001,1.7345750000000002,16,0,0.0
layer,features.3.expand3x3,pl_run_wall,0.170971205,170.971205,32,0,0.0
layer,features.3.expand3x3,static_weight_pack,0.066541849,66.541849,1,0,0.0
layer,features.4.squeeze,cdma_fmap_initial_h2bram,0.0016274220000000001,1.6274220000000001,16,1605632,940.9053091330951
layer,features.4.squeeze,cdma_fmap_refill_h2bram,0.005129437999999999,5.1294379999999995,48,4816896,895.5659469906841
layer,features.4.squeeze,cdma_kernel_h2bram,0.0009508190000000001,0.9508190000000001,16,270336,271.1478209838045
layer,features.4.squeeze,cdma_output_bram2host,0.0016201429999999997,1.6201429999999997,16,1605632,945.1326210093803
layer,features.4.squeeze,conv_tiling,0.028347929,28.347929,16,0,0.0
layer,features.4.squeeze,conv_total,0.47591505399999995,475.91505399999994,16,0,0.0
layer,features.4.squeeze,fmap_cma_stage_initial,0.0017573079999999997,1.7573079999999996,16,1605632,871.3611956469783
layer,features.4.squeeze,fmap_cma_stage_refill,0.006491506,6.491506,48,4816896,707.6555116794161
layer,features.4.squeeze,fmap_initial_service,0.004153199,4.153199,16,0,0.0
layer,features.4.squeeze,fmap_pack,0.035042028,35.042028,16,0,0.0
layer,features.4.squeeze,fmap_refill_service,0.013958137,13.958137,48,0,0.0
layer,features.4.squeeze,kernel_cma_stage,0.0021563619999999998,2.1563619999999997,16,270336,119.5590072538841
layer,features.4.squeeze,output_cma_invalidate_view,0.004977403,4.977403,16,0,0.0
layer,features.4.squeeze,output_reconstruct,0.22489915300000005,224.89915300000004,16,0,0.0
layer,features.4.squeeze,pl_compute_handshake_est,0.150991619,150.991619,16,0,0.0
layer,features.4.squeeze,pl_configure,0.0020746189999999998,2.0746189999999998,16,0,0.0
layer,features.4.squeeze,pl_run_wall,0.16494975600000003,164.94975600000004,16,0,0.0
layer,features.4.squeeze,static_weight_pack,0.123958812,123.958812,1,0,0.0
layer,features.4.expand1x1,cdma_fmap_initial_h2bram,0.0032711630000000005,3.2711630000000005,32,3211264,936.2113719187945
layer,features.4.expand1x1,cdma_kernel_h2bram,0.0021030140000000003,2.1030140000000004,32,81920,37.1490632016715
layer,features.4.expand1x1,cdma_output_bram2host,0.003179896,3.1798960000000003,32,3211264,963.0818114806269
layer,features.4.expand1x1,conv_tiling,0.012398314000000004,12.398314000000004,16,0,0.0
layer,features.4.expand1x1,conv_total,0.9830443370000002,983.0443370000002,16,0,0.0
layer,features.4.expand1x1,fmap_cma_stage_initial,0.0032368740000000003,3.2368740000000003,32,3211264,946.1288885511144
layer,features.4.expand1x1,fmap_initial_service,0.007974996,7.974996,32,0,0.0
layer,features.4.expand1x1,fmap_pack,0.004769829000000001,4.7698290000000005,16,0,0.0
layer,features.4.expand1x1,kernel_cma_stage,0.0024171019999999995,2.4171019999999994,32,81920,32.321763831232616
layer,features.4.expand1x1,output_cma_invalidate_view,0.008928159,8.928158999999999,32,0,0.0
layer,features.4.expand1x1,output_reconstruct,0.8872481079999999,887.2481079999999,32,0,0.0
layer,features.4.expand1x1,pl_compute_handshake_est,0.04203969399999999,42.03969399999999,32,0,0.0
layer,features.4.expand1x1,pl_configure,0.001740968,1.740968,16,0,0.0
layer,features.4.expand1x1,pl_run_wall,0.04203969399999999,42.03969399999999,32,0,0.0
layer,features.4.expand1x1,static_weight_pack,0.064373711,64.373711,1,0,0.0
layer,features.4.expand3x3,cdma_fmap_initial_h2bram,0.0035484709999999997,3.5484709999999997,32,3686400,990.7436188713393
layer,features.4.expand3x3,cdma_kernel_h2bram,0.002196832,2.196832,32,606208,263.16304569489154
layer,features.4.expand3x3,cdma_output_bram2host,0.0032502559999999995,3.2502559999999994,32,3211264,942.2334733017955
layer,features.4.expand3x3,conv_tiling,0.013245848999999999,13.245848999999998,16,0,0.0
layer,features.4.expand3x3,conv_total,1.116392951,1116.3929509999998,16,0,0.0
layer,features.4.expand3x3,fmap_cma_stage_initial,0.0034607890000000006,3.4607890000000006,32,3686400,1015.8449417170476
layer,features.4.expand3x3,fmap_initial_service,0.008516557000000001,8.516557,32,0,0.0
layer,features.4.expand3x3,fmap_pack,0.005219436000000002,5.219436000000002,16,0,0.0
layer,features.4.expand3x3,kernel_cma_stage,0.0027869589999999994,2.7869589999999995,32,606208,207.43936311944313
layer,features.4.expand3x3,output_cma_invalidate_view,0.009573476,9.573476,32,0,0.0
layer,features.4.expand3x3,output_reconstruct,0.8884729099999998,888.4729099999998,32,0,0.0
layer,features.4.expand3x3,pl_compute_handshake_est,0.170981178,170.981178,32,0,0.0
layer,features.4.expand3x3,pl_configure,0.001772845,1.772845,16,0,0.0
layer,features.4.expand3x3,pl_run_wall,0.170981178,170.981178,32,0,0.0
layer,features.4.expand3x3,static_weight_pack,0.067548816,67.548816,1,0,0.0
layer,features.6.squeeze,cdma_fmap_initial_h2bram,0.001551213,1.5512130000000002,16,1492992,917.8804748284084
layer,features.6.squeeze,cdma_kernel_h2bram,0.000929301,0.929301,16,270336,277.4262590915107
layer,features.6.squeeze,cdma_output_bram2host,0.0016092979999999997,1.6092979999999997,16,1492992,884.7510684783056
layer,features.6.squeeze,conv_tiling,0.010419754,10.419754,16,0,0.0
layer,features.6.squeeze,conv_total,0.287587099,287.587099,16,0,0.0
layer,features.6.squeeze,fmap_cma_stage_initial,0.001301145,1.301145,16,1492992,1094.2885881281486
layer,features.6.squeeze,fmap_initial_service,0.0035770440000000006,3.577044000000001,16,0,0.0
layer,features.6.squeeze,fmap_pack,0.008378596999999998,8.378596999999997,16,0,0.0
layer,features.6.squeeze,kernel_cma_stage,0.0019390070000000002,1.9390070000000001,16,270336,132.9610981290939
layer,features.6.squeeze,output_cma_invalidate_view,0.005038834,5.038834,16,0,0.0
layer,features.6.squeeze,output_reconstruct,0.110161896,110.161896,16,0,0.0
layer,features.6.squeeze,pl_compute_handshake_est,0.137698322,137.69832200000002,16,0,0.0
layer,features.6.squeeze,pl_configure,0.0018673289999999998,1.8673289999999998,16,0,0.0
layer,features.6.squeeze,pl_run_wall,0.137698322,137.69832200000002,16,0,0.0
layer,features.6.squeeze,static_weight_pack,0.188010679,188.010679,1,0,0.0
layer,features.6.expand1x1,cdma_fmap_initial_h2bram,0.0015688420000000002,1.5688420000000003,16,1492992,907.5662973071857
layer,features.6.expand1x1,cdma_kernel_h2bram,0.0008470670000000001,0.847067,16,73728,83.00701125176639
layer,features.6.expand1x1,cdma_output_bram2host,0.001585844,1.585844,16,1492992,897.8361837608238
layer,features.6.expand1x1,conv_tiling,0.009475128,9.475128,16,0,0.0
layer,features.6.expand1x1,conv_total,0.507748721,507.748721,16,0,0.0
layer,features.6.expand1x1,fmap_cma_stage_initial,0.001409705,1.409705,16,1492992,1010.0184967776946
layer,features.6.expand1x1,fmap_initial_service,0.0036958530000000002,3.695853,16,0,0.0
layer,features.6.expand1x1,fmap_pack,0.003437024,3.437024,16,0,0.0
layer,features.6.expand1x1,kernel_cma_stage,0.0012346540000000002,1.2346540000000001,16,73728,56.94915336604424
layer,features.6.expand1x1,output_cma_invalidate_view,0.004565322000000001,4.565322000000001,16,0,0.0
layer,features.6.expand1x1,output_reconstruct,0.43904737199999994,439.04737199999994,16,0,0.0
layer,features.6.expand1x1,pl_compute_handshake_est,0.036583303,36.583303,16,0,0.0
layer,features.6.expand1x1,pl_configure,0.001631729,1.631729,16,0,0.0
layer,features.6.expand1x1,pl_run_wall,0.036583303,36.583303,16,0,0.0
layer,features.6.expand1x1,static_weight_pack,0.188467393,188.46739300000002,1,0,0.0
layer,features.6.expand3x3,cdma_fmap_initial_h2bram,0.0017209759999999997,1.7209759999999996,16,1722368,954.4456895389594
layer,features.6.expand3x3,cdma_kernel_h2bram,0.0013141830000000002,1.3141830000000003,16,598016,433.9673394040251
layer,features.6.expand3x3,cdma_output_bram2host,0.0016293120000000002,1.629312,16,1492992,873.8830408172283
layer,features.6.expand3x3,conv_tiling,0.010226475,10.226475,16,0,0.0
layer,features.6.expand3x3,conv_total,0.631482321,631.482321,16,0,0.0
layer,features.6.expand3x3,fmap_cma_stage_initial,0.0015899150000000001,1.5899150000000002,16,1722368,1033.123233003022
layer,features.6.expand3x3,fmap_initial_service,0.004027963,4.027963,16,0,0.0
layer,features.6.expand3x3,fmap_pack,0.0038479749999999996,3.8479749999999995,16,0,0.0
layer,features.6.expand3x3,kernel_cma_stage,0.0015229349999999998,1.5229349999999997,16,598016,374.4824959699528
layer,features.6.expand3x3,output_cma_invalidate_view,0.0050163560000000005,5.016356,16,0,0.0
layer,features.6.expand3x3,output_reconstruct,0.44009227799999995,440.09227799999996,16,0,0.0
layer,features.6.expand3x3,pl_compute_handshake_est,0.156211666,156.211666,16,0,0.0
layer,features.6.expand3x3,pl_configure,0.0016774840000000001,1.6774840000000002,16,0,0.0
layer,features.6.expand3x3,pl_run_wall,0.156211666,156.211666,16,0,0.0
layer,features.6.expand3x3,static_weight_pack,0.191302139,191.302139,1,0,0.0
layer,features.7.squeeze,cdma_fmap_initial_h2bram,0.0015755250000000001,1.575525,16,1492992,903.7166182701004
layer,features.7.squeeze,cdma_fmap_refill_h2bram,0.0018111059999999998,1.8111059999999999,16,1492992,786.1649870300248
layer,features.7.squeeze,cdma_kernel_h2bram,0.00110077,1.10077,16,532480,461.3247999127883
layer,features.7.squeeze,cdma_output_bram2host,0.001643791,1.643791,16,1492992,866.185619096345
layer,features.7.squeeze,conv_tiling,0.012784259999999999,12.784259999999998,16,0,0.0
layer,features.7.squeeze,conv_total,0.440720571,440.720571,16,0,0.0
layer,features.7.squeeze,fmap_cma_stage_initial,0.0014319010000000002,1.431901,16,1492992,994.3621276889951
layer,features.7.squeeze,fmap_cma_stage_refill,0.0024519179999999995,2.4519179999999996,16,1492992,580.6997318017977
layer,features.7.squeeze,fmap_initial_service,0.003737553,3.7375529999999997,16,0,0.0
layer,features.7.squeeze,fmap_pack,0.01674802,16.74802,16,0,0.0
layer,features.7.squeeze,fmap_refill_service,0.005227901,5.227901,16,0,0.0
layer,features.7.squeeze,kernel_cma_stage,0.0019997920000000002,1.9997920000000002,16,532480,253.93265899653562
layer,features.7.squeeze,output_cma_invalidate_view,0.005121916,5.121916,16,0,0.0
layer,features.7.squeeze,output_reconstruct,0.110760317,110.760317,16,0,0.0
layer,features.7.squeeze,pl_compute_handshake_est,0.273468513,273.46851300000003,16,0,0.0
layer,features.7.squeeze,pl_configure,0.001902263,1.902263,16,0,0.0
layer,features.7.squeeze,pl_run_wall,0.278696414,278.696414,16,0,0.0
layer,features.7.squeeze,static_weight_pack,0.373190124,373.190124,1,0,0.0
layer,features.7.expand1x1,cdma_fmap_initial_h2bram,0.001559543,1.5595430000000001,16,1492992,912.9777922122057
layer,features.7.expand1x1,cdma_kernel_h2bram,0.0008449349999999999,0.8449349999999999,16,73728,83.21646043778516
layer,features.7.expand1x1,cdma_output_bram2host,0.001581303,1.5813030000000001,16,1492992,900.4144841311247
layer,features.7.expand1x1,conv_tiling,0.009398249,9.398249,16,0,0.0
layer,features.7.expand1x1,conv_total,0.512233819,512.2338189999999,16,0,0.0
layer,features.7.expand1x1,fmap_cma_stage_initial,0.001466848,1.466848,16,1492992,970.6718930659482
layer,features.7.expand1x1,fmap_initial_service,0.003733874,3.7338739999999997,16,0,0.0
layer,features.7.expand1x1,fmap_pack,0.0032685299999999995,3.2685299999999997,16,0,0.0
layer,features.7.expand1x1,kernel_cma_stage,0.001234004,1.2340039999999999,16,73728,56.979150796918006
layer,features.7.expand1x1,output_cma_invalidate_view,0.0046115719999999995,4.611572,16,0,0.0
layer,features.7.expand1x1,output_reconstruct,0.44384055599999994,443.84055599999994,16,0,0.0
layer,features.7.expand1x1,pl_compute_handshake_est,0.036465309999999994,36.465309999999995,16,0,0.0
layer,features.7.expand1x1,pl_configure,0.0016604430000000002,1.6604430000000001,16,0,0.0
layer,features.7.expand1x1,pl_run_wall,0.036465309999999994,36.465309999999995,16,0,0.0
layer,features.7.expand1x1,static_weight_pack,0.186800823,186.800823,1,0,0.0
layer,features.7.expand3x3,cdma_fmap_initial_h2bram,0.001711787,1.711787,16,1722368,959.5692250262446
layer,features.7.expand3x3,cdma_kernel_h2bram,0.0010779709999999998,1.0779709999999998,16,598016,529.0610786375515
layer,features.7.expand3x3,cdma_output_bram2host,0.0016329550000000002,1.6329550000000002,16,1492992,871.9334733657694
layer,features.7.expand3x3,conv_tiling,0.010492465,10.492465,16,0,0.0
layer,features.7.expand3x3,conv_total,0.632761447,632.7614470000001,16,0,0.0
layer,features.7.expand3x3,fmap_cma_stage_initial,0.0016632659999999998,1.663266,16,1722368,987.5618962931967
layer,features.7.expand3x3,fmap_initial_service,0.0041212359999999995,4.121236,16,0,0.0
layer,features.7.expand3x3,fmap_pack,0.003824381,3.824381,16,0,0.0
layer,features.7.expand3x3,kernel_cma_stage,0.001608077,1.608077,16,598016,354.6549698801736
layer,features.7.expand3x3,output_cma_invalidate_view,0.005014852999999999,5.014852999999999,16,0,0.0
layer,features.7.expand3x3,output_reconstruct,0.44071387,440.71387,16,0,0.0
layer,features.7.expand3x3,pl_compute_handshake_est,0.15645172400000001,156.451724,16,0,0.0
layer,features.7.expand3x3,pl_configure,0.0017219070000000004,1.7219070000000003,16,0,0.0
layer,features.7.expand3x3,pl_run_wall,0.15645172400000001,156.451724,16,0,0.0
layer,features.7.expand3x3,static_weight_pack,0.190400232,190.40023200000002,1,0,0.0
layer,features.9.squeeze,cdma_fmap_initial_h2bram,0.0008425480000000001,0.8425480000000002,16,346112,391.7618046686954
layer,features.9.squeeze,cdma_fmap_refill_h2bram,0.00089549,0.89549,16,346112,368.6005706373047
layer,features.9.squeeze,cdma_kernel_h2bram,0.001073431,1.0734309999999998,16,532480,473.07418921197547
layer,features.9.squeeze,cdma_output_bram2host,0.000875437,0.8754369999999999,16,346112,377.0438363925674
layer,features.9.squeeze,conv_tiling,0.009346579000000002,9.346579000000002,16,0,0.0
layer,features.9.squeeze,conv_total,0.22354029499999997,223.540295,16,0,0.0
layer,features.9.squeeze,fmap_cma_stage_initial,0.000993814,0.993814,16,346112,332.13269786901776
layer,features.9.squeeze,fmap_cma_stage_refill,0.0012570539999999999,1.257054,16,346112,262.58070456798197
layer,features.9.squeeze,fmap_initial_service,0.0025539630000000002,2.5539630000000004,16,0,0.0
layer,features.9.squeeze,fmap_pack,0.003957029,3.957029,16,0,0.0
layer,features.9.squeeze,fmap_refill_service,0.0029324999999999998,2.9324999999999997,16,0,0.0
layer,features.9.squeeze,kernel_cma_stage,0.0019653329999999997,1.9653329999999998,16,532480,258.38496580477715
layer,features.9.squeeze,output_cma_invalidate_view,0.012448799000000002,12.448799000000001,16,0,0.0
layer,features.9.squeeze,output_reconstruct,0.11565981700000003,115.65981700000003,16,0,0.0
layer,features.9.squeeze,pl_compute_handshake_est,0.065325681,65.325681,16,0,0.0
layer,features.9.squeeze,pl_configure,0.0017896889999999997,1.7896889999999996,16,0,0.0
layer,features.9.squeeze,pl_run_wall,0.06825818100000001,68.25818100000002,16,0,0.0
layer,features.9.squeeze,static_weight_pack,0.557163909,557.163909,1,0,0.0
layer,features.9.expand1x1,cdma_fmap_initial_h2bram,0.0017143350000000002,1.7143350000000002,32,692224,385.0800747811833
layer,features.9.expand1x1,cdma_kernel_h2bram,0.0019744209999999996,1.9744209999999995,32,212992,102.87826152578403
layer,features.9.expand1x1,cdma_output_bram2host,0.001619108,1.619108,32,692224,407.72836030703326
layer,features.9.expand1x1,conv_tiling,0.009249305,9.249305,16,0,0.0
layer,features.9.expand1x1,conv_total,0.533010415,533.010415,16,0,0.0
layer,features.9.expand1x1,fmap_cma_stage_initial,0.0020764560000000004,2.0764560000000003,32,692224,317.92450694837737
layer,features.9.expand1x1,fmap_initial_service,0.005193552000000001,5.193552,32,0,0.0
layer,features.9.expand1x1,fmap_pack,0.0015137550000000003,1.5137550000000004,16,0,0.0
layer,features.9.expand1x1,kernel_cma_stage,0.0021849890000000005,2.1849890000000003,32,212992,92.96385473794145
layer,features.9.expand1x1,output_cma_invalidate_view,0.008280055999999997,8.280055999999998,32,0,0.0
layer,features.9.expand1x1,output_reconstruct,0.45909212,459.09211999999997,32,0,0.0
layer,features.9.expand1x1,pl_compute_handshake_est,0.033229290999999994,33.229290999999996,32,0,0.0
layer,features.9.expand1x1,pl_configure,0.001598048,1.598048,16,0,0.0
layer,features.9.expand1x1,pl_run_wall,0.033229290999999994,33.229290999999996,32,0,0.0
layer,features.9.expand1x1,static_weight_pack,0.420198328,420.198328,1,0,0.0
layer,features.9.expand3x3,cdma_fmap_initial_h2bram,0.0018698020000000003,1.8698020000000002,32,921600,470.05311257555604
layer,features.9.expand3x3,cdma_kernel_h2bram,0.0027847379999999997,2.7847379999999995,32,1785856,611.5925447923647
layer,features.9.expand3x3,cdma_output_bram2host,0.0017549349999999996,1.7549349999999995,32,692224,376.17133967924747
layer,features.9.expand3x3,conv_tiling,0.009560273999999999,9.560273999999998,16,0,0.0
layer,features.9.expand3x3,conv_total,0.614176521,614.176521,16,0,0.0
layer,features.9.expand3x3,fmap_cma_stage_initial,0.0021817570000000007,2.1817570000000006,32,921600,402.84332764831265
layer,features.9.expand3x3,fmap_initial_service,0.005471643,5.471643,32,0,0.0
layer,features.9.expand3x3,fmap_pack,0.0017241319999999995,1.7241319999999996,16,0,0.0
layer,features.9.expand3x3,kernel_cma_stage,0.003063419,3.063419,32,1785856,555.9556169103868
layer,features.9.expand3x3,output_cma_invalidate_view,0.009115791999999998,9.115791999999997,32,0,0.0
layer,features.9.expand3x3,output_reconstruct,0.4594483390000001,459.4483390000001,32,0,0.0
layer,features.9.expand3x3,pl_compute_handshake_est,0.11007656199999999,110.076562,32,0,0.0
layer,features.9.expand3x3,pl_configure,0.001589935,1.589935,16,0,0.0
layer,features.9.expand3x3,pl_run_wall,0.11007656199999999,110.076562,32,0,0.0
layer,features.9.expand3x3,static_weight_pack,0.435885929,435.88592900000003,1,0,0.0
layer,features.10.squeeze,cdma_fmap_initial_h2bram,0.000840089,0.840089,16,346112,392.9085192164163
layer,features.10.squeeze,cdma_fmap_refill_h2bram,0.0018868110000000004,1.8868110000000005,32,692224,349.8793731857615
layer,features.10.squeeze,cdma_kernel_h2bram,0.0011838390000000001,1.183839,16,794624,640.1313861090908
layer,features.10.squeeze,cdma_output_bram2host,0.000840268,0.840268,16,346112,392.8248189863234
layer,features.10.squeeze,conv_tiling,0.010256392000000001,10.256392000000002,16,0,0.0
layer,features.10.squeeze,conv_total,0.252526246,252.52624600000001,16,0,0.0
layer,features.10.squeeze,fmap_cma_stage_initial,0.001006853,1.006853,16,346112,327.83149575955974
layer,features.10.squeeze,fmap_cma_stage_refill,0.002682916,2.682916,32,692224,246.05923182089936
layer,features.10.squeeze,fmap_initial_service,0.0025512259999999998,2.5512259999999998,16,0,0.0
layer,features.10.squeeze,fmap_pack,0.005446967999999999,5.446967999999999,16,0,0.0
layer,features.10.squeeze,fmap_refill_service,0.006084952000000001,6.084952000000001,32,0,0.0
layer,features.10.squeeze,kernel_cma_stage,0.001761778,1.761778,16,794624,430.1407441800272
layer,features.10.squeeze,output_cma_invalidate_view,0.00464512,4.64512,16,0,0.0
layer,features.10.squeeze,output_reconstruct,0.11495500399999999,114.95500399999999,16,0,0.0
layer,features.10.squeeze,pl_compute_handshake_est,0.097788755,97.78875500000001,16,0,0.0
layer,features.10.squeeze,pl_configure,0.001671126,1.671126,16,0,0.0
layer,features.10.squeeze,pl_run_wall,0.103873707,103.873707,16,0,0.0
layer,features.10.squeeze,static_weight_pack,0.85070694,850.70694,1,0,0.0
layer,features.10.expand1x1,cdma_fmap_initial_h2bram,0.0017979419999999999,1.797942,32,692224,367.1732736651127
layer,features.10.expand1x1,cdma_kernel_h2bram,0.001998972,1.998972,32,212992,101.61472997120521
layer,features.10.expand1x1,cdma_output_bram2host,0.001619534,1.619534,32,692224,407.62111199888363
layer,features.10.expand1x1,conv_tiling,0.008640087999999999,8.640087999999999,16,0,0.0
layer,features.10.expand1x1,conv_total,0.526722887,526.722887,16,0,0.0
layer,features.10.expand1x1,fmap_cma_stage_initial,0.002035911,2.035911,32,692224,324.2559473375801
layer,features.10.expand1x1,fmap_initial_service,0.005232887999999999,5.232887999999999,32,0,0.0
layer,features.10.expand1x1,fmap_pack,0.001475322,1.475322,16,0,0.0
layer,features.10.expand1x1,kernel_cma_stage,0.0021507729999999995,2.1507729999999996,32,212992,94.44278870898977
layer,features.10.expand1x1,output_cma_invalidate_view,0.008320569,8.320568999999999,32,0,0.0
layer,features.10.expand1x1,output_reconstruct,0.46018859199999995,460.18859199999997,32,0,0.0
layer,features.10.expand1x1,pl_compute_handshake_est,0.026501639999999993,26.501639999999995,32,0,0.0
layer,features.10.expand1x1,pl_configure,0.001584483,1.584483,16,0,0.0
layer,features.10.expand1x1,pl_run_wall,0.026501639999999993,26.501639999999995,32,0,0.0
layer,features.10.expand1x1,static_weight_pack,0.417675486,417.675486,1,0,0.0
layer,features.10.expand3x3,cdma_fmap_initial_h2bram,0.0018583809999999999,1.8583809999999998,32,921600,472.94190480854036
layer,features.10.expand3x3,cdma_kernel_h2bram,0.002811873,2.811873,32,1785856,605.6905841764546
layer,features.10.expand3x3,cdma_output_bram2host,0.0018040939999999996,1.8040939999999996,32,692224,365.92120477092664
layer,features.10.expand3x3,conv_tiling,0.009706212,9.706212,16,0,0.0
layer,features.10.expand3x3,conv_total,0.619688898,619.688898,16,0,0.0
layer,features.10.expand3x3,fmap_cma_stage_initial,0.0022429710000000003,2.2429710000000003,32,921600,391.8491367030603
layer,features.10.expand3x3,fmap_initial_service,0.005543586999999999,5.543586999999999,32,0,0.0
layer,features.10.expand3x3,fmap_pack,0.0017544160000000002,1.7544160000000002,16,0,0.0
layer,features.10.expand3x3,kernel_cma_stage,0.0032052289999999987,3.2052289999999988,32,1785856,531.3582898445012
layer,features.10.expand3x3,output_cma_invalidate_view,0.009663687,9.663687000000001,32,0,0.0
layer,features.10.expand3x3,output_reconstruct,0.46337626299999995,463.37626299999994,32,0,0.0
layer,features.10.expand3x3,pl_compute_handshake_est,0.11011162000000001,110.11162,32,0,0.0
layer,features.10.expand3x3,pl_configure,0.001675171,1.675171,16,0,0.0
layer,features.10.expand3x3,pl_run_wall,0.11011162000000001,110.11162,32,0,0.0
layer,features.10.expand3x3,static_weight_pack,0.43620901,436.20901000000003,1,0,0.0
layer,features.11.squeeze,cdma_fmap_initial_h2bram,0.0008651070000000003,0.8651070000000003,16,346112,381.5460110714627
layer,features.11.squeeze,cdma_fmap_refill_h2bram,0.00186741,1.86741,32,692224,353.51435946042915
layer,features.11.squeeze,cdma_kernel_h2bram,0.00119057,1.19057,16,794624,636.5123428273853
layer,features.11.squeeze,cdma_output_bram2host,0.0008594709999999999,0.8594709999999999,16,346112,384.04800743713287
layer,features.11.squeeze,conv_tiling,0.010247965,10.247964999999999,16,0,0.0
layer,features.11.squeeze,conv_total,0.29303943699999996,293.03943699999996,16,0,0.0
layer,features.11.squeeze,fmap_cma_stage_initial,0.0010202800000000001,1.02028,16,346112,323.5171962598502
layer,features.11.squeeze,fmap_cma_stage_refill,0.002819702,2.819702,32,692224,234.12270161882356
layer,features.11.squeeze,fmap_initial_service,0.0026666150000000002,2.666615,16,0,0.0
layer,features.11.squeeze,fmap_pack,0.005525955000000001,5.525955000000001,16,0,0.0
layer,features.11.squeeze,fmap_refill_service,0.0062670270000000005,6.267027000000001,32,0,0.0
layer,features.11.squeeze,kernel_cma_stage,0.0019077870000000004,1.9077870000000003,16,794624,397.2207065044472
layer,features.11.squeeze,output_cma_invalidate_view,0.004837275,4.837275,16,0,0.0
layer,features.11.squeeze,output_reconstruct,0.154247794,154.247794,16,0,0.0
layer,features.11.squeeze,pl_compute_handshake_est,0.097903151,97.903151,16,0,0.0
layer,features.11.squeeze,pl_configure,0.0017290349999999999,1.7290349999999999,16,0,0.0
layer,features.11.squeeze,pl_run_wall,0.10417017799999999,104.17017799999999,16,0,0.0
layer,features.11.squeeze,static_weight_pack,1.127320991,1127.320991,1,0,0.0
layer,features.11.expand1x1,cdma_fmap_initial_h2bram,0.0017430090000000002,1.7430090000000003,32,692224,378.7451757277214
layer,features.11.expand1x1,cdma_kernel_h2bram,0.0020100919999999993,2.0100919999999993,32,278528,132.14569283395988
layer,features.11.expand1x1,cdma_output_bram2host,0.0016242300000000002,1.62423,32,692224,406.44259125862715
layer,features.11.expand1x1,conv_tiling,0.008990365,8.990365,16,0,0.0
layer,features.11.expand1x1,conv_total,0.6887723870000001,688.7723870000001,16,0,0.0
layer,features.11.expand1x1,fmap_cma_stage_initial,0.00202765,2.0276500000000004,32,692224,325.57702266170196
layer,features.11.expand1x1,fmap_initial_service,0.005203218999999999,5.203219,32,0,0.0
layer,features.11.expand1x1,fmap_pack,0.0017016469999999997,1.7016469999999997,16,0,0.0
layer,features.11.expand1x1,kernel_cma_stage,0.0022475930000000004,2.2475930000000006,32,278528,118.18198401578931
layer,features.11.expand1x1,output_cma_invalidate_view,0.008486749999999998,8.486749999999997,32,0,0.0
layer,features.11.expand1x1,output_reconstruct,0.61331615,613.31615,32,0,0.0
layer,features.11.expand1x1,pl_compute_handshake_est,0.03435590900000002,34.35590900000002,32,0,0.0
layer,features.11.expand1x1,pl_configure,0.0016187830000000002,1.618783,16,0,0.0
layer,features.11.expand1x1,pl_run_wall,0.03435590900000002,34.35590900000002,32,0,0.0
layer,features.11.expand1x1,static_weight_pack,0.753681187,753.681187,1,0,0.0
layer,features.11.expand3x3,cdma_fmap_initial_h2bram,0.0018671459999999996,1.8671459999999998,32,921600,470.72175930537844
layer,features.11.expand3x3,cdma_kernel_h2bram,0.0031210000000000005,3.1210000000000004,32,2375680,725.9291893623837
layer,features.11.expand3x3,cdma_output_bram2host,0.0018581700000000001,1.85817,32,692224,355.27225711318124
layer,features.11.expand3x3,conv_tiling,0.010086825,10.086825000000001,16,0,0.0
layer,features.11.expand3x3,conv_total,0.804070479,804.070479,16,0,0.0
layer,features.11.expand3x3,fmap_cma_stage_initial,0.0021682010000000002,2.1682010000000003,32,921600,405.3619798164469
layer,features.11.expand3x3,fmap_initial_service,0.005452843000000001,5.4528430000000006,32,0,0.0
layer,features.11.expand3x3,fmap_pack,0.0019434559999999999,1.9434559999999999,16,0,0.0
layer,features.11.expand3x3,kernel_cma_stage,0.003403543,3.403543,32,2375680,665.6666303319805
layer,features.11.expand3x3,output_cma_invalidate_view,0.009883245,9.883245,32,0,0.0
layer,features.11.expand3x3,output_reconstruct,0.610960836,610.960836,32,0,0.0
layer,features.11.expand3x3,pl_compute_handshake_est,0.145795337,145.795337,32,0,0.0
layer,features.11.expand3x3,pl_configure,0.001637514,1.6375140000000001,16,0,0.0
layer,features.11.expand3x3,pl_run_wall,0.145795337,145.795337,32,0,0.0
layer,features.11.expand3x3,static_weight_pack,0.775811326,775.811326,1,0,0.0
layer,features.12.squeeze,cdma_fmap_initial_h2bram,0.000876301,0.876301,16,346112,376.6720852766344
layer,features.12.squeeze,cdma_fmap_refill_h2bram,0.00264365,2.64365,48,1038336,374.57090575530043
layer,features.12.squeeze,cdma_kernel_h2bram,0.0013196640000000001,1.3196640000000002,16,1056768,763.6887116720619
layer,features.12.squeeze,cdma_output_bram2host,0.0008390260000000002,0.8390260000000002,16,346112,393.4063127960277
layer,features.12.squeeze,conv_tiling,0.010762429999999998,10.762429999999998,16,0,0.0
layer,features.12.squeeze,conv_total,0.328341037,328.34103700000003,16,0,0.0
layer,features.12.squeeze,fmap_cma_stage_initial,0.000981098,0.9810979999999999,16,346112,336.43746598199164
layer,features.12.squeeze,fmap_cma_stage_refill,0.003745487,3.7454870000000002,48,1038336,264.3806733276607
layer,features.12.squeeze,fmap_initial_service,0.002571323,2.571323,16,0,0.0
layer,features.12.squeeze,fmap_pack,0.007020388999999999,7.020388999999999,16,0,0.0
layer,features.12.squeeze,fmap_refill_service,0.008615441000000003,8.615441000000002,48,0,0.0
layer,features.12.squeeze,kernel_cma_stage,0.0018848029999999998,1.8848029999999998,16,1056768,534.704422690329
layer,features.12.squeeze,output_cma_invalidate_view,0.004928656,4.928656,16,0,0.0
layer,features.12.squeeze,output_reconstruct,0.15304469899999998,153.04469899999998,16,0,0.0
layer,features.12.squeeze,pl_compute_handshake_est,0.13009094499999999,130.09094499999998,16,0,0.0
layer,features.12.squeeze,pl_configure,0.001717324,1.717324,16,0,0.0
layer,features.12.squeeze,pl_run_wall,0.13870638600000001,138.706386,16,0,0.0
layer,features.12.squeeze,static_weight_pack,1.512557972,1512.557972,1,0,0.0
layer,features.12.expand1x1,cdma_fmap_initial_h2bram,0.0017108109999999998,1.7108109999999999,32,692224,385.87327881338155
layer,features.12.expand1x1,cdma_kernel_h2bram,0.001993743,1.993743,32,278528,133.22930788973304
layer,features.12.expand1x1,cdma_output_bram2host,0.001632168,1.632168,32,692224,404.46586993495765
layer,features.12.expand1x1,conv_tiling,0.00900512,9.00512,16,0,0.0
layer,features.12.expand1x1,conv_total,0.685878267,685.8782669999999,16,0,0.0
layer,features.12.expand1x1,fmap_cma_stage_initial,0.002024796,2.0247960000000003,32,692224,326.03593152100257
layer,features.12.expand1x1,fmap_initial_service,0.005121359000000001,5.121359000000001,32,0,0.0
layer,features.12.expand1x1,fmap_pack,0.001665836,1.6658359999999999,16,0,0.0
layer,features.12.expand1x1,kernel_cma_stage,0.0021772880000000003,2.1772880000000003,32,278528,121.9981003891079
layer,features.12.expand1x1,output_cma_invalidate_view,0.008331363,8.331363,32,0,0.0
layer,features.12.expand1x1,output_reconstruct,0.610859927,610.859927,32,0,0.0
layer,features.12.expand1x1,pl_compute_handshake_est,0.034375027,34.375027,32,0,0.0
layer,features.12.expand1x1,pl_configure,0.001593045,1.593045,16,0,0.0
layer,features.12.expand1x1,pl_run_wall,0.034375027,34.375027,32,0,0.0
layer,features.12.expand1x1,static_weight_pack,0.760893031,760.8930310000001,1,0,0.0
layer,features.12.expand3x3,cdma_fmap_initial_h2bram,0.0018774470000000004,1.8774470000000003,32,921600,468.13904733395924
layer,features.12.expand3x3,cdma_kernel_h2bram,0.003210546,3.210546,32,2375680,705.6821487684649
layer,features.12.expand3x3,cdma_output_bram2host,0.0017651950000000004,1.7651950000000005,32,692224,373.9848855225626
layer,features.12.expand3x3,conv_tiling,0.010454037000000001,10.454037000000001,16,0,0.0
layer,features.12.expand3x3,conv_total,0.804174671,804.174671,16,0,0.0
layer,features.12.expand3x3,fmap_cma_stage_initial,0.0021992120000000003,2.199212,32,921600,399.6459868352846
layer,features.12.expand3x3,fmap_initial_service,0.005505449000000001,5.5054490000000005,32,0,0.0
layer,features.12.expand3x3,fmap_pack,0.002000153,2.000153,16,0,0.0
layer,features.12.expand3x3,kernel_cma_stage,0.003475267,3.475267,32,2375680,651.9283266580668
layer,features.12.expand3x3,output_cma_invalidate_view,0.009121668999999999,9.121668999999999,32,0,0.0
layer,features.12.expand3x3,output_reconstruct,0.6115465269999999,611.5465269999999,32,0,0.0
layer,features.12.expand3x3,pl_compute_handshake_est,0.145554162,145.554162,32,0,0.0
layer,features.12.expand3x3,pl_configure,0.0016789259999999999,1.678926,16,0,0.0
layer,features.12.expand3x3,pl_run_wall,0.145554162,145.554162,32,0,0.0
layer,features.12.expand3x3,static_weight_pack,0.778409761,778.409761,1,0,0.0
