slot,source_frame,decoded,decode_s,spatial_s,frame_total_s,cdma_fmap_initial_h2bram_s,cdma_fmap_refill_h2bram_s,cdma_kernel_h2bram_s,cdma_output_bram2host_s,conv_tiling_s,conv_total_s,feature_dequant_s,fire_concat_s,fmap_cma_stage_initial_s,fmap_cma_stage_refill_s,fmap_pack_s,gap_s,input_quantize_s,kernel_cma_stage_s,maxpool_s,output_cma_invalidate_view_s,output_reconstruct_s,pl_compute_handshake_est_s,pl_configure_s,pl_run_wall_s,preprocess_s
0,0,True,0.244794392,2.16661973,2.411414122,0.006532915000000002,0.004851756,0.006101113999999999,0.004723425000000002,0.022788043,1.6833123630000002,0.004158992,0.0015297529999999998,0.007872386,0.006981253,0.012027188,0.002696385,0.002978507,0.007024066999999999,0.334970761,0.031708385000000006,1.359263904,0.17697270300000004,0.003358185000000001,0.19147148199999997,0.133534749
1,30,True,1.171694712,2.056584717,3.2282794289999996,0.006379203000000003,0.004583309999999999,0.0057088090000000065,0.004535897000000002,0.021964262000000005,1.6672472459999996,0.0004393110000000004,0.0012828829999999996,0.007228065000000002,0.006258033000000003,0.011017154,0.0005030440000000002,0.002565485,0.00591903,0.313950167,0.022121642000000018,1.3702295030000005,0.169035181,0.002899572,0.18223712399999992,0.067545792
2,60,True,1.258691917,2.023129432,3.2818213490000003,0.00629999,0.004488782000000002,0.005764910999999999,0.004679940999999995,0.021539864000000006,1.6416387559999985,0.0004982509999999999,0.0015154929999999997,0.007221358999999998,0.006140238000000003,0.011108598000000008,0.000523108,0.0025154880000000006,0.006096894,0.30945744399999997,0.02249884500000001,1.341202784,0.16926852300000017,0.0029100449999999983,0.18221750400000036,0.063966254
3,90,True,1.893532322,1.954002488,3.84753481,0.0063347040000000035,0.004425159000000007,0.005681687000000008,0.004367650000000006,0.019965359000000002,1.587435332,0.00040910100000000026,0.0012902030000000002,0.006915832000000004,0.005426191000000007,0.010513046999999998,0.0004681580000000002,0.002277119000000001,0.005635635999999999,0.3076905200000001,0.020551859000000006,1.2997564559999972,0.16813577800000012,0.0027469090000000022,0.18015700300000015,0.05172866100000001
4,120,True,1.659328763,1.968471652,3.6278004150000003,0.0062203760000000136,0.004655994999999993,0.005540127000000006,0.004627990999999998,0.02096373600000001,1.601165162000001,0.00041907200000000037,0.0012987769999999992,0.006797019000000005,0.005242029000000002,0.010455648000000005,0.0004718709999999996,0.002123231999999999,0.005764705000000009,0.311849316,0.021199019999999985,1.3106772209999962,0.16852683500000043,0.0029121240000000038,0.18074985300000013,0.04816260100000003
5,150,True,0.514353867,1.899433171,2.413787038,0.006291150999999974,0.004329085999999996,0.0042149369999999915,0.004525118000000005,0.018740576000000023,1.543863699000001,0.00038149699999999974,0.00102629,0.006018910000000002,0.004118592999999997,0.009559726000000011,0.000466485,0.002379552,0.004818453000000021,0.30095180499999996,0.016588572000000093,1.2722576139999981,0.16711865799999992,0.0025632489999999983,0.17759368200000014,0.048159514000000014
6,180,True,0.566323962,1.90003514,2.466359102,0.006229654000000008,0.004398510000000005,0.004441231000000032,0.004429891000000005,0.019668996999999994,1.5457212819999988,0.00041034000000000036,0.0011758399999999992,0.0060019529999999904,0.004220599999999977,0.009445859000000001,0.0004549599999999999,0.0022026700000000003,0.005149039000000015,0.2997095190000001,0.017697751999999928,1.2698614630000025,0.1676487810000009,0.002766719000000001,0.17815675200000025,0.04771739199999997
7,210,True,1.099300874,1.887177779,2.986478653,0.006187085000000016,0.004362621999999983,0.0040790489999999735,0.0043532529999999875,0.018658135999999964,1.533943027000003,0.00038247399999999983,0.0010543040000000007,0.005976849999999992,0.004021717999999973,0.009599533999999993,0.00044226499999999985,0.002015147000000002,0.004852155999999989,0.299193276,0.015973688000000097,1.2640475079999955,0.16731181699999986,0.0025258089999999934,0.17754590100000023,0.04793261800000004
8,240,True,1.202073607,1.912419473,3.11449308,0.006274197000000009,0.0043857959999999765,0.004708415000000028,0.0044138000000000024,0.02058781200000004,1.5562272119999978,0.000578884,0.0013427499999999985,0.006140407999999972,0.004211593999999999,0.010238607999999996,0.00046776200000000004,0.001945156,0.005299749999999985,0.3016347509999999,0.018240307999999872,1.2769287620000007,0.16746848699999917,0.0027623339999999948,0.17796774499999923,0.047469218000000035
9,270,True,1.559843757,1.889828149,3.449671906,0.006199096999999987,0.004327089999999985,0.004058162999999969,0.004361669999999991,0.018323866000000022,1.5354468560000019,0.0003788930000000008,0.0010075919999999981,0.005843150000000033,0.004053038000000023,0.009190951000000003,0.0004395639999999999,0.001906372,0.004758382999999991,0.3012396709999998,0.016045967999999994,1.2670460629999933,0.1670032189999997,0.002482710999999995,0.17723160299999963,0.04727850499999997
10,300,True,0.526038632,1.908155319,2.434193951,0.006226306999999959,0.004381954000000014,0.005217874999999997,0.004350391000000016,0.019726532000000047,1.551645124000002,0.00037744399999999935,0.0012567969999999987,0.0066147509999999465,0.004928205000000019,0.00958487999999999,0.00043764599999999987,0.002149513999999998,0.005233028000000001,0.30235294999999995,0.01832779100000001,1.2722263270000074,0.16753603400000072,0.002606682000000006,0.1787692150000002,0.047450835999999996
11,330,True,0.823054788,1.885002982,2.70805777,0.006191485999999996,0.004322155000000001,0.00402830500000001,0.00437758600000001,0.018656055000000032,1.5312403200000055,0.00038285599999999913,0.001062363000000002,0.00573965100000004,0.003923661000000009,0.00926900700000001,0.0004461089999999992,0.0019276550000000003,0.004789574000000026,0.2990248700000002,0.016119135000000034,1.2627334190000052,0.16690166900000114,0.002526145999999993,0.17694954699999998,0.04874937999999995
12,360,True,1.163973158,1.917000516,3.080973674,0.006231015999999978,0.004366751999999995,0.004393068999999972,0.004561482000000006,0.02083876700000009,1.5582953879999977,0.00040176800000000026,0.001371632000000001,0.006001519000000025,0.004279418999999993,0.009948763999999971,0.0004547609999999997,0.0018915019999999998,0.005247581999999987,0.3041853589999999,0.017915814000000058,1.280520466000013,0.16747161299999913,0.0028084209999999915,0.1780444649999997,0.04764114399999997
13,390,True,1.591407096,1.883177699,3.474584795,0.00618452999999998,0.004282952999999999,0.003973622000000024,0.004331321999999992,0.01837703399999996,1.5311351509999866,0.00038396899999999963,0.0009917009999999941,0.005682772999999974,0.0038144360000000044,0.009319321999999963,0.00044490299999999997,0.0019521459999999984,0.004854684000000026,0.2989176950000001,0.015816748999999852,1.2637548299999928,0.16677836499999987,0.0024675350000000207,0.1766570740000004,0.04721186399999999
14,420,True,0.424939592,1.890388758,2.31532835,0.00621721900000001,0.004286242999999995,0.004038843,0.004333976999999906,0.018440882000000047,1.5382699499999966,0.00038144000000000025,0.0009863720000000027,0.005745048000000003,0.004011826000000024,0.009472888999999929,0.00044081299999999997,0.001960451000000002,0.004780969999999982,0.2988591079999994,0.01606690500000002,1.269826645999995,0.16695161899999977,0.0025301510000000013,0.1770744990000006,0.04733592799999997
15,450,True,0.737299082,1.90432292,2.641622002,0.006278371999999963,0.004327723999999963,0.004313219999999993,0.004411058000000051,0.01918263799999992,1.542680703000002,0.0004246839999999998,0.0011571249999999984,0.0059411360000000135,0.0042040580000000105,0.009563686999999987,0.0004894270000000006,0.001936504999999998,0.005122330999999966,0.29903508000000034,0.017565229000000238,1.2690712089999963,0.16707707299999974,0.0025973530000000036,0.17745285600000038,0.05617936599999995
